{"cameraMode":{"drawMode":0,"name":"Shaded","section":"Shading Mode"},"sceneLighting":true,"audioPlay":false,"sceneViewState":{"m_AlwaysRefresh":false,"showFog":true,"showSkybox":true,"showFlares":true,"showImageEffects":true,"showParticleSystems":true,"showVisualEffectGraphs":true,"m_FxEnabled":true},"in2DMode":false,"pivot":{"x":132.6532440185547,"y":100.6164321899414,"z":44.57265853881836},"rotation":{"x":-0.07064191997051239,"y":0.11091689020395279,"z":0.007904206402599812,"w":0.9912846088409424},"size":149.43833923339845,"orthographic":false}